<?xml version="1.0" encoding="UTF-8" standalone="no" ?><CAERep ObjId="163" Type="CAERep" Ver="2"><DSEnvironmentID PropType="int">119</DSEnvironmentID><ExternalProductVersion PropType="string">2024 R2</ExternalProductVersion><Goal PropType="string">WriteCAERep</Goal><HasBetaKeyOn PropType="bool">false</HasBetaKeyOn><InProcess PropType="bool">true</InProcess><LastDatabaseId PropType="unsigned int">183</LastDatabaseId><NumProcessorsForPost PropType="int">0</NumProcessorsForPost><PID_Legacy_Solve PropType="int">0</PID_Legacy_Solve><PartialCode PropType="int">1</PartialCode><ProductVersion PropType="string">24.2 RELEASE</ProductVersion><ProductVersionForSec PropType="string">24.2</ProductVersionForSec><ProjectName PropType="string">Project 1--Structural Optimization (D5)</ProjectName><ReturnCode PropType="int">1</ReturnCode><SolveInvokedFromAddin PropType="int">0</SolveInvokedFromAddin><SysvarMap PropType="map&lt;string,string>"><Entry key="DSSolver ProgId">AMKSolver.AMKSolver.242</Entry></SysvarMap><EngineeringRep ObjId="164" Type="EngineeringRep" Ver="2"><BCRep ObjId="167" Type="BCRep" Ver="2"><HasStress PropType="int">1</HasStress><OptimizationRegionRep ObjId="122" Type="OptimizationRegionRep" Ver="1"><AdditionalScopingCount PropType="unsigned int">0</AdditionalScopingCount><Caption PropType="string">Optimization Region</Caption><LatticeType PropType="string"> </LatticeType><MaxDensity PropType="double">   -1</MaxDensity><MinDensity PropType="double">   -1</MinDensity><OptimizationType PropType="string">kOptimizationTypeTopology</OptimizationType><ScopingSubset0 PropType="vector&lt;string>">123</ScopingSubset0><ScopingSubset1 PropType="vector&lt;string>">132</ScopingSubset1></OptimizationRegionRep><TopoConstraintRep ObjId="133" Type="TopoConstraintRep" Ver="4"><Caption PropType="string">Global Stress Constraint_133</Caption><EnvironmentSelectionId PropType="int">0</EnvironmentSelectionId><ManuConstraintSubType PropType="string"> </ManuConstraintSubType><MaxMemberSizeControlledType PropType="string"> </MaxMemberSizeControlledType><MinMemberSizeControlledType PropType="string"> </MinMemberSizeControlledType><NumberOfSteps PropType="unsigned int">1</NumberOfSteps><Percentage PropType="double">   -1</Percentage><PercentageMaximum PropType="unsigned int">50</PercentageMaximum><PercentageMinimum PropType="unsigned int">50</PercentageMinimum><ResponseConstraintDefineBy PropType="string"> </ResponseConstraintDefineBy><ResponseConstraintType PropType="string">kDSResponseConstraintTypeVonMisesStress</ResponseConstraintType><StressType PropType="string">kDSTopoConstraintVonMisesStress</StressType><TopoConstraintType PropType="string">kDSResponseConstraintType</TopoConstraintType><VonMisesMaximumStress_DataType PropType="string">Constant</VonMisesMaximumStress_DataType><VonMisesMaximumStress_Steps PropType="vector&lt;double>">    1</VonMisesMaximumStress_Steps><VonMisesMaximumStress_Values PropType="vector&lt;double>" UCat="Stress" Unt="tonne s^-2 mm^-1">67.676</VonMisesMaximumStress_Values></TopoConstraintRep><TopoConstraintRep ObjId="134" Type="TopoConstraintRep" Ver="4"><Caption PropType="string">Local Von-Mises Stress Constraint_134</Caption><ElementId PropType="string">StressConstraintElements_134</ElementId><EnvironmentSelectionId PropType="int">0</EnvironmentSelectionId><ManuConstraintSubType PropType="string"> </ManuConstraintSubType><MaxMemberSizeControlledType PropType="string"> </MaxMemberSizeControlledType><MinMemberSizeControlledType PropType="string"> </MinMemberSizeControlledType><NumberOfSteps PropType="unsigned int">1</NumberOfSteps><Percentage PropType="double">   -1</Percentage><PercentageMaximum PropType="unsigned int">50</PercentageMaximum><PercentageMinimum PropType="unsigned int">50</PercentageMinimum><ResponseConstraintDefineBy PropType="string"> </ResponseConstraintDefineBy><ResponseConstraintType PropType="string">kDSResponseConstraintTypeLocalStress</ResponseConstraintType><ScopingSubset0 PropType="vector&lt;string>">135</ScopingSubset0><TopoConstraintType PropType="string">kDSResponseConstraintType</TopoConstraintType><VonMisesMaximumStress_DataType PropType="string">Constant</VonMisesMaximumStress_DataType><VonMisesMaximumStress_Steps PropType="vector&lt;double>">    1</VonMisesMaximumStress_Steps><VonMisesMaximumStress_Values PropType="vector&lt;double>" UCat="Stress" Unt="tonne s^-2 mm^-1">67.676</VonMisesMaximumStress_Values></TopoConstraintRep><TopoConstraintRep ObjId="136" Type="TopoConstraintRep" Ver="4"><Caption PropType="string">Local Displacement Constraint_136</Caption><DisplacementNodeId PropType="string">DisplacementConstraintNodes_136</DisplacementNodeId><DisplacementX_DataType PropType="string">Constant</DisplacementX_DataType><DisplacementX_Steps PropType="vector&lt;double>">    1</DisplacementX_Steps><DisplacementY_DataType PropType="string">Constant</DisplacementY_DataType><DisplacementY_Steps PropType="vector&lt;double>">    1</DisplacementY_Steps><EnvironmentSelectionId PropType="int">0</EnvironmentSelectionId><ManuConstraintSubType PropType="string"> </ManuConstraintSubType><MaxDisplacementX_Values PropType="vector&lt;double>" UCat="Length" Unt="mm">0.8232120000000001</MaxDisplacementX_Values><MaxDisplacementY_Values PropType="vector&lt;double>" UCat="Length" Unt="mm">0.955908</MaxDisplacementY_Values><MaxMemberSizeControlledType PropType="string"> </MaxMemberSizeControlledType><MinDisplacementX_Values PropType="vector&lt;double>" UCat="Length" Unt="mm">-1.797e+308</MinDisplacementX_Values><MinDisplacementY_Values PropType="vector&lt;double>" UCat="Length" Unt="mm">-1.797e+308</MinDisplacementY_Values><MinMemberSizeControlledType PropType="string"> </MinMemberSizeControlledType><NumberOfSteps PropType="unsigned int">1</NumberOfSteps><Percentage PropType="double">   -1</Percentage><PercentageMaximum PropType="unsigned int">50</PercentageMaximum><PercentageMinimum PropType="unsigned int">50</PercentageMinimum><ResponseConstraintDefineBy PropType="string"> </ResponseConstraintDefineBy><ResponseConstraintType PropType="string">kDSResponseConstraintTypeDisplacement</ResponseConstraintType><ScopingSubset0 PropType="vector&lt;string>">137</ScopingSubset0><TopoConstraintType PropType="string">kDSResponseConstraintType</TopoConstraintType></TopoConstraintRep><TopoObjectiveRep ObjId="124" Type="TopoObjectiveRep" Ver="4"><Caption PropType="string">Objective</Caption><CriterionIDs PropType="vector&lt;int>">0</CriterionIDs><EndModes PropType="vector&lt;int>">-1</EndModes><EndSteps PropType="vector&lt;int>">1</EndSteps><EnvironmentIDs PropType="vector&lt;int>">0</EnvironmentIDs><EnvironmentTypes PropType="vector&lt;int>">-1</EnvironmentTypes><Formulation PropType="string"/><Goal PropType="string"/><LoadCasesInUse PropType="int">1</LoadCasesInUse><Modes PropType="vector&lt;int>">-1</Modes><MultipleFormulations PropType="vector&lt;string>">kFormulationUndefined</MultipleFormulations><MultipleGoals PropType="vector&lt;string>">kGoalMinimize</MultipleGoals><MultipleResponseTypes PropType="vector&lt;string>">kReponseTypeMass</MultipleResponseTypes><NormalizedSum PropType="string">false</NormalizedSum><NumSteps PropType="vector&lt;int>">0</NumSteps><ResponseType PropType="string"/><SingleSets PropType="vector&lt;bool>">false</SingleSets><StartModes PropType="vector&lt;int>">-1</StartModes><StartSteps PropType="vector&lt;int>">1</StartSteps><Step PropType="vector&lt;int>">-1</Step><Weights PropType="vector&lt;double>">    1</Weights></TopoObjectiveRep><TopoOptDependencyEnvRep ObjId="181" Type="TopoOptDependencyEnvRep" Ver="1"><Caption PropType="string">Static Structural</Caption><EnvironmentAnalysisType PropType="int">0</EnvironmentAnalysisType><EnvironmentId PropType="unsigned int">22</EnvironmentId><EnvironmentPhysicsType PropType="int">1</EnvironmentPhysicsType><EnvironmentSolverFilesDirectory PropType="string">C:\Users\stanl\Desktop\DOCUMENTS\NTU\Y4S1\Structures 2 Lab\Project 1_files\dp0\SYS-2\MECH\</EnvironmentSolverFilesDirectory><EnvironmentTimeSteps PropType="vector&lt;double>" UCat="Time" Unt="s">    1</EnvironmentTimeSteps><IsThermalImportedLoadPresent PropType="bool">false</IsThermalImportedLoadPresent><SolverUnitsId PropType="int">6</SolverUnitsId></TopoOptDependencyEnvRep></BCRep><GeometryAttributes ObjId="165" Type="GeometryAttributes" Ver="2"><AssemblyAttributes ObjId="166" Type="AssemblyAttributes" Ver="2"><ElementOptionControl PropType="string">ProgramControlled</ElementOptionControl><GeometrySource PropType="string">C:\Users\stanl\Desktop\DOCUMENTS\NTU\Y4S1\Structures 2 Lab\Project 1_files\dp0\SYS-2\DM\SYS-2.scdoc</GeometrySource><Is2DAnalysis PropType="bool">true</Is2DAnalysis><IsMixedDimension PropType="bool">false</IsMixedDimension><Model2dBehavior PropType="string">ByBody</Model2dBehavior><PartAttributes ObjId="26" Type="PartAttributes" Ver="2"><Caption PropType="string">SYS-2</Caption><Mass PropType="double" UCat="Mass" Unt="tonne">5.654240746698763e-06</Mass><PartId PropType="unsigned int">3</PartId><BodyAttributes ObjId="110" Type="BodyAttributes" Ver="2"><AreNonLinearEffectsOn PropType="bool">true</AreNonLinearEffectsOn><BoundingBoxDiagonal PropType="double" UCat="Length" Unt="mm">74.63243485339927</BoundingBoxDiagonal><Caption PropType="string">SYS-2\Surface</Caption><ElementCoordSysId PropType="unsigned int">21</ElementCoordSysId><GeometryType PropType="string">Sheet</GeometryType><Mass PropType="double" UCat="Mass" Unt="tonne">5.654240746698763e-06</Mass><Model2dBehavior PropType="string">PlaneStress</Model2dBehavior><ProtoReferenceId PropType="unsigned int">21</ProtoReferenceId><StiffnessBehavior PropType="string">Deformable</StiffnessBehavior><ThermalStrainCalculation PropType="bool">true</ThermalStrainCalculation><Thickness PropType="double" UCat="Length" Unt="m">0.0032</Thickness><MassMomentOfInertia ObjId="173" Type="MassMomentOfInertia" Ver="2"><Ixx PropType="double" UCat="MomentInertiaMass" Unt="tonne mm^2">0.000150363374243142</Ixx><Iyy PropType="double" UCat="MomentInertiaMass" Unt="tonne mm^2">0.002108503316558407</Iyy><Izz PropType="double" UCat="MomentInertiaMass" Unt="tonne mm^2">0.002258866690801546</Izz></MassMomentOfInertia><MaterialRep ObjId="172" Type="MaterialRep" Ver="2"><MaterialName PropType="string">UAP</MaterialName><ReferenceTemperature PropType="double" UCat="Temperature" Unt="Celsius">   22</ReferenceTemperature><RelaxationTemperature PropType="double" UCat="Temperature" Unt="Celsius">    0</RelaxationTemperature><UnitSystem PropType="int">0</UnitSystem><UseReferenceTemperature PropType="bool">false</UseReferenceTemperature><UseRelaxationTemperature PropType="bool">false</UseRelaxationTemperature></MaterialRep></BodyAttributes><Centroid ObjId="174" Type="DSGePoint3d" Ver="3"><Coordinates PropType="vector&lt;double>" UCat="Length" Unt="mm">33.24593202645841,9.75858033265197,    0</Coordinates></Centroid><MassMomentOfInertia ObjId="175" Type="MassMomentOfInertia" Ver="2"><Ixx PropType="double" UCat="MomentInertiaMass" Unt="tonne mm^2">0.000150363374243142</Ixx><Iyy PropType="double" UCat="MomentInertiaMass" Unt="tonne mm^2">0.002108503316558407</Iyy><Izz PropType="double" UCat="MomentInertiaMass" Unt="tonne mm^2">0.002258866690801546</Izz><CoordinateSystemRep ObjId="176" Type="CoordinateSystemRep" Ver="3"><Caption PropType="string">Undefined</Caption><CoordSystemIndex PropType="unsigned int">0</CoordSystemIndex><IsGlobal PropType="bool">false</IsGlobal><Param1 PropType="double">    1</Param1><Param2 PropType="double">    1</Param2><Singularity1 PropType="int">0</Singularity1><Singularity2 PropType="int">0</Singularity2><SolverCoordNumber PropType="unsigned int">0</SolverCoordNumber><Type PropType="string">Cartesian</Type><DSGePoint3d ObjId="178" Type="DSGePoint3d" Ver="3"><Coordinates PropType="vector&lt;double>" UCat="Length" Unt="mm">33.24593202645841,9.75858033265197,    0</Coordinates></DSGePoint3d><Matrix3X3 ObjId="177" Type="Matrix3X3" Ver="2"><IsOrthogonal PropType="bool">false</IsOrthogonal><Row0 PropType="vector&lt;double>">0.9892455316112636,-0.1462644118955406,    0</Row0><Row1 PropType="vector&lt;double>">0.1462644118955406,0.9892455316112636,    0</Row1><Row2 PropType="vector&lt;double>">    0,    0,    1</Row2></Matrix3X3></CoordinateSystemRep></MassMomentOfInertia></PartAttributes></AssemblyAttributes></GeometryAttributes><ServiceRep ObjId="168" Type="ServiceRep" Ver="2"><CoordinateSystemRep ObjId="21" Type="CoordinateSystemRep" Ver="3"><Caption PropType="string">Global Coordinate System</Caption><CoordSystemIndex PropType="unsigned int">0</CoordSystemIndex><IsGlobal PropType="bool">true</IsGlobal><Param1 PropType="double">    1</Param1><Param2 PropType="double">    1</Param2><Singularity1 PropType="int">0</Singularity1><Singularity2 PropType="int">0</Singularity2><SolverCoordNumber PropType="int">0</SolverCoordNumber><Type PropType="string">Cartesian</Type><DSGePoint3d ObjId="180" Type="DSGePoint3d" Ver="3"><Coordinates PropType="vector&lt;double>" UCat="Length" Unt="mm">    0,    0,    0</Coordinates></DSGePoint3d><Matrix3X3 ObjId="179" Type="Matrix3X3" Ver="2"><IsOrthogonal PropType="bool">false</IsOrthogonal><Row0 PropType="vector&lt;double>">    1,    0,    0</Row0><Row1 PropType="vector&lt;double>">    0,    1,    0</Row1><Row2 PropType="vector&lt;double>">    0,    0,    1</Row2></Matrix3X3></CoordinateSystemRep></ServiceRep></EngineeringRep><GeometryRep ObjId="171" Type="GeometryRep" Ver="2"><ActiveAssembly PropType="unsigned int">1</ActiveAssembly><PartsAssembly PropType="string">0000000002F67F38</PartsAssembly><Units PropType="string">m</Units></GeometryRep><MaterialLibraryRep ObjId="170" Type="MaterialLibraryRep" Ver="2"><FileName PropType="string">MatML.xml</FileName></MaterialLibraryRep><MeshRep ObjId="169" Type="MeshRep" Ver="2"><AssemblyMesh PropType="string">0000000063959FD8</AssemblyMesh><Configuration PropType="unsigned int">112</Configuration><IndependentMesh PropType="string">IndependentMesh.bin</IndependentMesh><RigidBodyBehavior PropType="string">DimensionallyReduced</RigidBodyBehavior><Units PropType="string">m</Units></MeshRep><SolverRep ObjId="182" Type="SolverRep" Ver="2"><AnalysisType PropType="string">TOpt</AnalysisType><PhysicsType PropType="string">Mechanical</PhysicsType><SolverTargetName PropType="string">ANSYS</SolverTargetName><SolverUnits PropType="int">6</SolverUnits><ProcessControls ObjId="183" Type="ProcessControls" Ver="2"><DistributedSolve PropType="bool">true</DistributedSolve><IsLocal PropType="bool">true</IsLocal><IsRSMSolve PropType="bool">false</IsRSMSolve><ManualMemorySettings PropType="bool">false</ManualMemorySettings><MaxProcessors PropType="int">4</MaxProcessors></ProcessControls><AnalysisSettings CAEType="extObj"><TopologyOptimizationMechanicalSettings version="1.0"><SolverFileControls version="1.0"><SolverEngineType>ANSYS</SolverEngineType><SolverUnits>6</SolverUnits><SolverFilesDirectory>C:\Users\stanl\Desktop\DOCUMENTS\NTU\Y4S1\Structures 2 Lab\Project 1_files\dp0\SYS-3\MECH\</SolverFilesDirectory><SolverJobname>file</SolverJobname><ScratchSolverFilesDirectory>C:\Users\stanl\Desktop\DOCUMENTS\NTU\Y4S1\Structures 2 Lab\_ProjectScratch\Scr5AB3\</ScratchSolverFilesDirectory><AdditionalList></AdditionalList><SaveANSYSDB>false</SaveANSYSDB><ContactSummary>kAnalysisSettingsContactSummaryProgramControlled</ContactSummary><DeleteUnusedFiles>true</DeleteUnusedFiles><ResultFile>file.topo</ResultFile><MaxNumIntermediateResultFiles>0</MaxNumIntermediateResultFiles></SolverFileControls><TopologyOptimizationControls version="1.0"><MaxNumIterations>500</MaxNumIterations><MassFraction>0.</MassFraction><MinNormalizedDensity>1.e-003</MinNormalizedDensity><ConvergenceAccuracyPercentage>1.e-002</ConvergenceAccuracyPercentage><PowerLawStiff>3.</PowerLawStiff><MoveLimit>0.</MoveLimit><NonLinearContact>ProgramControlled</NonLinearContact><NonLinearContactFlag>No</NonLinearContactFlag><MaxOuterIterations>100</MaxOuterIterations><OuterConvergenceTolerance>8.</OuterConvergenceTolerance><OptimizationOutputLog>ProgramControlled</OptimizationOutputLog><RegionOfManufacturingConstraint>IncludeExclusion</RegionOfManufacturingConstraint><RegionOfMinMemberSize>ExcludeExclusion</RegionOfMinMemberSize><DensityFilter>ProgramControlled</DensityFilter><ExportDensityFile>Yes</ExportDensityFile><ExportDensityDesignProperties>No</ExportDensityDesignProperties><ExportDesignPropertiesFileFormat>HDF5</ExportDesignPropertiesFileFormat><MultiDVStrategy>ProgramControlled</MultiDVStrategy><Algorithm>ProgramControlled</Algorithm><ActiveSetStrategy>ProgramControlled</ActiveSetStrategy></TopologyOptimizationControls><SolverControls version="1.0"><SolverType><ProgramControlled/></SolverType></SolverControls><OutputControls version="1.0"><ResultSetsType>Auto</ResultSetsType><CacheResultsInMemoryType>Never</CacheResultsInMemoryType><StoreModalResult>ProgramControlled</StoreModalResult><ExpandResultFrom>ProgramControlled</ExpandResultFrom><ProgControlledExpansion>Unknown</ProgControlledExpansion><NodalForcesType>No</NodalForcesType><CalculateParticipationFactorResult>ProgramControlled</CalculateParticipationFactorResult><CombineResultFiles>ProgramControlled</CombineResultFiles><ResultFileCompression>ProgramControlled</ResultFileCompression><TimePointsOptions>All</TimePointsOptions><ResultSets></ResultSets></OutputControls></TopologyOptimizationMechanicalSettings></AnalysisSettings></SolverRep></CAERep>